create table company ( c_id int primary key, c_name varchar2(50) );
create table payroll ( trans_id int primary key, gross_pay int, net_pay int, deduc- tion int, ta int, ma int );
create table manager( mg_id int primary key, mg_f_name varchar2(20) not null, mg_l_name varchar2(20) not null );
create table department( dep_id int primary key, dep_name varchar2(20) not null, c_id int references company, mg_id int references manager );
create table employee ( e_id int primary key, emp_f_name varchar2(50) not null, emp_l_name varchar2(50) not null, dob varchar2(50) not null, sex char (1), mg_id int references manager, trans_id int references payroll );
create table employee_location(pincode int primary key, street varchar2(50) not null, h_no varchar2(50) not null, city varchar2(50) not null, e_id int references employee);
create table employee_phone_no ( phone_no number(10), emp_id int references employee );
insert into company values ('001','ALPHA');
insert into payroll values (001,100000,80000,20000,5500,14500);
insert into payroll values (002,150000,100000,50000,20000,30000);
insert into payroll values (003,140000,110000,30000,10000,20000);
insert into payroll values(004,120000,70000,50000,15000,35000); 
insert into payroll values (005,110000,95000,15000,5500,9500);
insert into manager values (001,'Rishabh','Jain'); 
insert into manager values (002,'Ronit','Sahu');
insert into manager values (003,'Parshav','Maloo');
insert into department values (001,'management',001,003); 
insert into department values (002,'editorial',001,001);
insert into department values (003,'technical',001,002); 
insert into employee values ('001','Tom','Cruise','1991-09-01','M', 001,'001');
insert into employee values('002','Rishabh','Jain','1996-04-23','M', 001,'002'); insert into employee values('003','Sanjana','Singh','1989-04-29','F', 002,'003'); insert into employee values('004','Ronit','Sahu','1992-01-09','M', 002,'004'); insert into employee values('005','Parshav','Maloo','1991-10-10','M', 003,'005');
insert into employee_location values(444601, 'GB_STREET','44','Pune',’001’); insert into employee_location values(384292, 'CD_STREET','56','Mumbai',’002’); insert into employee_location values(483293, 'AS_STREET','7', 'Delhi',’003’); insert into employee_location values(345604,'GL_STREET','336' ,'Banglore',’004’); insert into employee_location values(134605, 'DK_STREET', '24' ,'Pune', 005);
insert into employee_phone_no values (9238471066,001); insert into employee_phone_no values (8860244530,002); insert into employee_phone_no values (9232442335,003); insert into employee_phone_no values (6545453678,004); insert into employee_phone_no values (9786373824,005); select* from company;
select* from department;
select* from manager;
select* from employee;
select* from employee_phone_no; select* from payroll;